{
	"class_name" : "PinholeCameraParameters",
	"extrinsic" : 
	[
		0.23942523672873911,
		-0.63160338319404008,
		0.73739590611504602,
		0.0,
		-0.97038208019299588,
		-0.13051076428269495,
		0.20328688803427791,
		0.0,
		-0.032158582955432932,
		-0.7642277845931732,
		-0.64414417547479941,
		0.0,
		9.4532645881187278,
		-8.9512771732014897,
		129.83816223308486,
		1.0
	],
	"intrinsic" : 
	{
		"height" : 1025,
		"intrinsic_matrix" : 
		[
			887.67603887904966,
			0.0,
			0.0,
			0.0,
			887.67603887904966,
			0.0,
			926.0,
			512.0,
			1.0
		],
		"width" : 1853
	},
	"version_major" : 1,
	"version_minor" : 0
}